title,vote,created_at,comments
[SPOILERS] Weekly Rewatch | Season 4 Episode 3: Breaker of Chains,21,Tue Mar 2 22:52:12 2010 UTC,27 comments
[NO SPOILERS] Incredibly Amazing Art by Wisnu Tan,3427,Sun Apr 22 17:00:42 2018 UTC,36 comments
[NO SPOILERS] Catching Snowflakes by Stefan Koidl.,4912,Mon Apr 23 16:27:36 2018 UTC,44 comments
[SPOILERS] Spokes on a Wheel,106,Mon Apr 23 06:59:00 2018 UTC,4 comments
[NO SPOILERS] a GoT themed restaurant opened near our house in Pakistan haha,120,Mon Apr 23 16:11:15 2018 UTC,37 comments
[SPOILERS] When in Kings Landing (/Dubrovnik)!,34,Mon Apr 23 15:08:08 2018 UTC,18 comments
[No Spoilers] Wanted to share my collection.,•,Mon Apr 23 19:58:40 2018 UTC,1 comment
[NO SPOILERS] Birthday cake courtesy of my mum <3,82,Tue Apr 24 01:30:11 2018 UTC,4 comments
[SPOILERS] Just noticed that one of the last Targaryens was right in front of Robert Baratheon,3899,Mon Apr 23 13:44:42 2018 UTC,389 comments
[NO SPOILERS] Me and my friend combined sculpting and electroforming techniques and crafted the Drogon Necklace,1610,Sun Apr 22 17:23:46 2018 UTC,40 comments
"[SPOILERS] a Season One Reflection: ""She must have been a rare wench to make Lord Eddard Stark forget his honor. You never told me what she looked like.""",•,Sun Apr 22 19:32:57 2018 UTC,3 comments
[SPOILERS] Bronn,12,Tue Apr 24 00:48:00 2018 UTC,10 comments
[SPOILERS] a little theory about Bran,15,Mon Apr 23 17:36:53 2018 UTC,10 comments
[SPOILERS] Tilt-Shift of the Meeting at the Dragonpit,71,Mon Apr 23 15:50:55 2018 UTC,1 comment
[SPOILERS] Full circle,20,Mon Apr 23 05:48:35 2018 UTC,8 comments
[SPOILERS] Arya Plot hole?,2,Mon Apr 23 11:39:52 2018 UTC,10 comments
[NO SPOILERS] HBO spinoff series,9,Mon Apr 23 23:55:12 2018 UTC,13 comments
[SPOILERS] Had my girlfriend's brother finish season 3,21,last edited 2 hours ago,19 comments
"[NO SPOILERS] Jon Snow and Ghost, oilpainting by 5erg Art",266,Mon Apr 23 14:12:59 2018 UTC,11 comments
[SPOILERS] Scenes i want to see next season,5,Mon Apr 23 05:54:53 2018 UTC,14 comments
[NO SPOILERS] What are some the official sources of Game of Thrones content / lore?,3,Sun Apr 22 14:20:17 2018 UTC,3 comments
[NO SPOILERS] My mom made this for my girlfriends birthday! Took her five months. Not jealous at al..,19.8k,Mon Apr 23 11:23:58 2018 UTC,289 comments
[SPOILERS] - First Game of Thrones CCG cards ever released I believe. 2002 Westeros Edition. Worth anything?,2,last edited 14 hours ago,3 comments
[SPOILERS] What GoT theory do you want to be true?,24,Mon Apr 23 13:18:26 2018 UTC,88 comments
[SPOILERS] West of the Narrow Sea...,3,Sat Apr 21 18:03:51 2018 UTC,14 comments
[SPOILERS]- Which character in all of the Game of Thrones intrigues you the most?,11,Mon Apr 23 14:26:51 2018 UTC,52 comments
